id,name,gender,age,country,score
1,tbarsham0,Male,36,Malaysia,36
2,mcastagneri1,Male,18,Ukraine,60
3,wyeliashev2,Male,,Canada,47
4,pengley3,Female,21,,31
5,ccausley4,Male,38,Philippines,68
6,clorimer5,Female,22,France,1
7,mderuggiero6,Female,37,Kuwait,81
8,ssayles7,Female,27,Afghanistan,3
9,fdalziel8,,27,South Korea,66
10,skirrage9,Female,28,Indonesia,73
11,rdemeada,Female,36,United States,60
12,dspurdleb,,20,Laos,15
13,tgoselingc,,28,Eritrea,35
14,gjohnysd,Female,27,,93
15,esnawdene,Female,21,Poland,37
16,conionsf,Male,18,China,26
17,scoadeg,Female,32,Portugal,37
18,eberrickh,Male,26,China,10
19,tcopestakei,Male,,,88
20,bduffriej,Male,33,,17
21,wkalvink,Male,23,Czech Republic,43
22,pnewtonl,Female,35,Japan,88
23,ljizhakim,Male,,Brazil,93
24,dlinnemann,Male,24,Russia,47
25,dmarfeo,Male,20,China,55
26,rmacguffiep,Female,19,Portugal,44
27,bcastagneriq,Male,19,South Africa,70
28,ssugarmanr,Male,27,,15
29,fharriagns,Male,,Russia,87
30,nbignallt,Male,,Ghana,42
31,acalanu,Female,40,,16
32,lsinghv,Female,34,Bangladesh,13
33,arizzardiniw,Female,28,Brazil,94
34,ajewellx,Male,31,Brazil,62
35,dwicklingy,Female,29,Estonia,93
36,lspringthorpez,Female,29,China,18
37,efoard10,Male,38,Poland,62
38,gtomsu11,Male,33,China,20
39,epoleykett12,Female,24,Portugal,96
40,srackstraw13,Male,25,Sweden,82
41,aedmed14,Female,30,China,65
42,wreadwood15,Female,25,Sweden,14
43,wtottie16,Female,26,Colombia,74
44,sblaxeland17,,25,Liechtenstein,13
45,gtrasler18,Male,31,Uruguay,19
46,aquinby19,Female,40,Libya,85
47,fstrutton1a,Female,36,Norway,84
48,urobbs1b,Female,19,Portugal,48
49,dshaw1c,Male,,Indonesia,34
50,btodari1d,Male,18,Portugal,100
51,amedgewick1e,Female,32,China,72
52,sgumme1f,Female,32,China,31
53,feversley1g,Female,28,Turkmenistan,45
54,kabbotson1h,Female,38,Canada,35
55,bgofton1i,Male,27,China,11
56,pbispham1j,Female,30,France,87
57,cbuckham1k,Male,38,Brazil,61
58,fsigne1l,Male,27,,22
59,mgaskal1m,,19,China,6
60,mmeckiff1n,Male,22,Japan,46
61,owalklate1o,Female,37,China,13
62,mcrookshanks1p,Male,22,Cambodia,89
63,mmitton1q,Female,36,China,69
64,amacconachy1r,Female,29,Morocco,61
65,tkarleman1s,Male,21,,11
66,grodenborch1t,Female,37,Greece,32
67,vlelievre1u,Female,28,Brazil,45
68,jrobbert1v,Female,25,Ivory Coast,66
69,lbaudain1w,Male,35,South Korea,81
70,jkersaw1x,Male,35,Nicaragua,97
71,cenrdigo1y,Female,37,Syria,23
72,anelthorpe1z,Female,19,Pakistan,40
73,dgeorges20,Female,33,France,35
74,lbalasin21,Female,38,China,30
75,lsuddick22,Male,20,China,70
76,kalderman23,Female,32,Malta,52
77,grasper24,Male,39,Peru,95
78,lroast25,Male,23,Colombia,53
79,cbollins26,Male,23,China,6
80,eolooney27,Female,37,Poland,34
81,dbellelli28,Male,23,Saudi Arabia,72
82,wlavens29,Female,23,Brazil,57
83,icatlow2a,Male,31,United States,33
84,ptroni2b,Male,,China,48
85,larney2c,Female,28,Pakistan,71
86,ldolligon2d,Male,38,Malaysia,89
87,gwhipple2e,Female,36,Peru,91
88,wdyball2f,Female,27,China,92
89,ktabner2g,Male,20,Latvia,71
90,wknudsen2h,Male,33,,36
91,jjonah2i,Male,29,Japan,69
92,obaroc2j,Female,27,South Africa,68
93,lbeahan2k,Male,35,Nigeria,40
94,ssyrie2l,Female,26,Indonesia,78
95,mjohannesson2m,Male,28,Indonesia,80
96,mblonfield2n,Female,21,Honduras,74
97,idelahunty2o,Female,22,Philippines,40
98,csloey2p,Female,32,Palestinian Territory,10
99,cpickup2q,Female,36,Australia,70
100,mboodle2r,Female,,Portugal,69
101,sharrema2s,Female,36,Bulgaria,15
102,sbouzek2t,,29,Tanzania,82
103,kapps2u,Male,30,Mauritius,83
104,pgowen2v,Male,33,Belarus,61
105,cblakeborough2w,Male,37,Lithuania,94
106,bovington2x,Male,19,Argentina,53
107,cscowcroft2y,Male,30,Sweden,42
108,tbarthod2z,Female,35,Indonesia,53
109,bcatchpole30,Female,37,Netherlands,34
110,tgiorgio31,Male,18,Sweden,10
111,darnaut32,Male,31,Indonesia,90
112,rbendle33,Female,24,France,70
113,ecleiment34,Male,40,Indonesia,30
114,sgoodinge35,Male,33,Belarus,27
115,eshaw36,Male,21,,12
116,nmcglone37,Female,29,Colombia,29
117,afrapwell38,Female,22,Canada,80
118,jqueenborough39,Male,22,Uzbekistan,8
119,shillen3a,Male,30,Ukraine,40
120,mruslin3b,Male,28,Indonesia,98
121,mkidby3c,Female,21,China,6
122,dkenninghan3d,,23,Peru,57
123,bpaulich3e,Male,,Philippines,72
124,tdake3f,Female,34,Japan,87
125,mbonnesen3g,Female,,Russia,24
126,bvancastele3h,Male,33,United States,98
127,lbirt3i,Male,31,Indonesia,88
128,sharrinson3j,Male,39,Colombia,7
129,sscoffham3k,Male,40,Sweden,26
130,fcoling3l,,29,Mongolia,96
131,ocollecott3m,Male,37,France,53
132,cluckman3n,Female,26,Montenegro,98
133,fgarrood3o,Female,28,Dominican Republic,26
134,dgosse3p,Female,26,Philippines,13
135,llongland3q,Female,24,Indonesia,31
136,seyeington3r,Female,29,Czech Republic,61
137,cburfitt3s,Female,23,China,69
138,mmcchesney3t,Female,37,Russia,6
139,amellers3u,,24,,90
140,smanterfield3v,Male,37,China,95
141,emcginnis3w,,28,China,33
142,ssherwen3x,Male,22,China,51
143,swebberley3y,Female,39,Mexico,63
144,rbarthelmes3z,Female,34,Serbia,9
145,mrudman40,Female,40,Poland,92
146,ggreenroyd41,Female,26,China,27
147,mmunt42,Male,22,,93
148,mcalvey43,,33,China,7
149,ctomlins44,Male,28,Nigeria,65
150,alote45,Female,36,,51
151,wcesconi46,Female,30,South Korea,78
152,fmattusevich47,Female,29,China,40
153,aoatley48,Female,38,Ukraine,44
154,gmcginley49,Male,29,Brazil,49
155,acassius4a,Female,30,Poland,14
156,fkildahl4b,Male,40,China,89
157,gcarley4c,Male,37,Indonesia,40
158,blumbly4d,Female,21,Russia,97
159,bcadwell4e,Male,18,,46
160,pwelds4f,Female,20,,44
161,jgimert4g,Female,28,Bolivia,94
162,olobe4h,Male,31,Croatia,46
163,etasch4i,Male,20,China,27
164,vciabatteri4j,Male,24,Vietnam,62
165,cmoule4k,Male,18,Russia,92
166,pfairlam4l,Male,28,South Africa,58
167,nlindeboom4m,Male,21,Indonesia,100
168,astandishbrooks4n,Male,33,China,17
169,abaud4o,Female,22,,57
170,pnunan4p,Female,18,Senegal,17
171,mbrushneen4q,Male,,China,77
172,cheinecke4r,Male,31,Slovenia,21
173,arysdale4s,Male,20,Serbia,62
174,lblint4t,Female,26,Ireland,13
175,dfranzke4u,,32,Indonesia,59
176,sbarlace4v,Male,,,17
177,gbassill4w,Female,21,Mongolia,91
178,btwinborne4x,Female,,Indonesia,50
179,abrugh4y,Male,37,Philippines,70
180,clethibridge4z,Male,28,Philippines,30
181,sgotliffe50,Male,24,Belarus,50
182,gpeachment51,Female,20,Indonesia,98
183,isimao52,Female,32,China,8
184,gspavon53,Female,37,Brazil,57
185,lteare54,Male,18,Russia,55
186,cecles55,Male,38,,93
187,nbigglestone56,Male,34,Tuvalu,90
188,nmcgaraghan57,,33,Vietnam,64
189,adebiaggi58,Male,36,China,46
190,washlin59,Female,24,Libya,33
191,dmullinder5a,Female,31,Zimbabwe,50
192,gortzen5b,Male,36,,95
193,mgierok5c,Male,19,United States,10
194,hvictoria5d,Female,32,,49
195,ebernhart5e,Male,20,Sweden,90
196,gmcdowell5f,Male,29,Lebanon,0
197,nperillo5g,Female,34,Philippines,22
198,kfeatherby5h,Female,25,Canada,20
199,ryanson5i,Female,39,China,29
200,ipryde5j,Female,21,Indonesia,90
201,canchor5k,Female,30,Peru,87
202,rcausnett5l,Female,29,China,1
203,nmclaine5m,Male,,Indonesia,63
204,imacardle5n,Male,21,Serbia,22
205,hhurring5o,Male,,Sweden,82
206,hcrackel5p,Male,20,China,73
207,cderx5q,Female,18,Estonia,22
208,ajenne5r,Female,40,,95
209,rkarle5s,Female,38,Taiwan,51
210,klappin5t,Male,37,Albania,10
211,eperet5u,Male,40,,83
212,granscomb5v,Female,25,Sweden,60
213,jtrousdale5w,Male,19,Germany,39
214,atace5x,Female,18,Thailand,60
215,lbrockett5y,Male,40,France,39
216,astrathern5z,Female,34,Brazil,40
217,bkinahan60,,40,Sweden,79
218,tstoggell61,Female,32,Finland,85
219,gsmieton62,Male,36,Sweden,6
220,mbrashaw63,Female,32,,60
221,cleipnik64,Male,19,Malaysia,65
222,mhenstridge65,Male,40,Brazil,16
223,lhighwood66,Female,39,Philippines,88
224,mhallihan67,Female,18,Malawi,72
225,ldemitris68,Male,30,China,63
226,dscain69,Male,35,Sweden,73
227,pvassar6a,Female,24,Philippines,20
228,cgryglewski6b,Male,,Indonesia,63
229,lgarrie6c,Male,34,China,79
230,mlowre6d,Male,20,Russia,77
231,zwiddowfield6e,Female,,Morocco,39
232,jwhitely6f,Male,36,Portugal,32
233,lgraham6g,Male,25,Philippines,15
234,cclineck6h,Female,33,Portugal,22
235,ayarnall6i,Male,22,Argentina,7
236,mlarrett6j,Male,34,China,80
237,ocaulwell6k,Female,23,Brazil,36
238,acristol6l,Female,38,France,31
239,sroft6m,Male,20,Madagascar,9
240,bscemp6n,Female,27,Russia,91
241,ebinton6o,Female,28,Saudi Arabia,66
242,cosler6p,Male,26,Russia,97
243,lharrisson6q,Female,29,Russia,51
244,lblesli6r,Male,28,Russia,99
245,owoolnough6s,Male,39,United States,96
246,esayles6t,Male,22,Philippines,28
247,candrassy6u,Male,22,Saint Martin,18
248,dmonson6v,Female,31,Indonesia,76
249,rrourke6w,Female,39,Indonesia,89
250,caynsley6x,Female,31,Philippines,22
251,rpleasance6y,Male,26,Indonesia,60
252,chercock6z,Male,26,Sweden,86
253,gvines70,Female,19,Poland,58
254,bstorr71,Male,22,Indonesia,11
255,abass72,Male,22,Brazil,21
256,pjolland73,Male,30,Ecuador,91
257,anoirel74,Male,28,Peru,25
258,bantonijevic75,Male,26,United States,38
259,ycowlin76,Male,22,,30
260,beustice77,Female,32,Russia,18
261,jelstone78,Male,35,China,69
262,krubertelli79,Female,,Canada,80
263,vsmout7a,Male,23,Philippines,40
264,swhatley7b,,26,Colombia,43
265,tmcauliffe7c,Male,23,Philippines,13
266,jmacklam7d,Male,30,Peru,9
267,msandison7e,Female,,China,69
268,slynthal7f,Male,39,China,25
269,ashutte7g,Female,40,Serbia,92
270,bnoto7h,Female,24,,5
271,mcristoferi7i,Male,24,Angola,87
272,cleacock7j,Female,27,Brazil,61
273,jlesly7k,Female,30,Vietnam,42
274,mgonnet7l,Male,26,Finland,95
275,cpopley7m,Female,28,Thailand,18
276,hbullas7n,Male,32,Guatemala,14
277,pperkinson7o,Female,19,,54
278,fvallender7p,Female,37,Brazil,46
279,elewty7q,Male,22,Burundi,10
280,clichfield7r,Female,21,Brazil,22
281,cdenty7s,Female,32,,34
282,rpolhill7t,Female,18,United States,3
283,rsallings7u,Female,35,China,19
284,cadcock7v,Male,24,China,22
285,rcoll7w,Male,,Honduras,18
286,dluther7x,Male,20,China,80
287,lsherbrooke7y,Male,24,Bosnia and Herzegovina,72
288,mhawford7z,Male,26,Malaysia,64
289,csetchfield80,Male,25,Brazil,40
290,bmacpike81,Female,35,Philippines,66
291,hlugsdin82,Male,35,Sweden,5
292,cbredgeland83,Male,21,Russia,78
293,msleicht84,Female,34,Finland,89
294,kdonalson85,Male,36,France,27
295,bholburn86,Female,37,Bhutan,34
296,msolway87,Male,34,Colombia,92
297,rstyles88,Male,20,Canada,27
298,maskin89,Female,30,Costa Rica,15
299,jstenton8a,Female,,Albania,61
300,lsnoddon8b,Male,35,New Zealand,95
301,sliveing8c,Female,21,Russia,64
302,rmarusic8d,Male,39,Vietnam,88
303,vwillgoose8e,Male,36,Poland,35
304,fdevuyst8f,Female,24,Bosnia and Herzegovina,65
305,nvela8g,Male,38,,82
306,blowsely8h,Female,,,72
307,gbirchenhead8i,Female,28,China,95
308,sbewfield8j,Male,27,Hungary,24
309,rdunbobin8k,Female,28,China,19
310,agoney8l,Male,26,Portugal,45
311,cvasyanin8m,Female,35,Poland,96
312,rcubley8n,Male,40,China,46
313,bmynett8o,Female,31,Ukraine,72
314,tcargill8p,Male,31,Philippines,63
315,hmitroshinov8q,Female,19,Vietnam,27
316,otunmore8r,Male,25,China,99
317,sholson8s,Female,22,China,69
318,lgrono8t,Male,,Sweden,67
319,lfripp8u,Female,25,Indonesia,30
320,rhaquard8v,Female,28,Indonesia,28
321,rubsdell8w,Female,38,Bhutan,69
322,jmylechreest8x,Female,20,United States,61
323,wgirdlestone8y,Male,33,Armenia,7
324,ayashunin8z,Female,25,Indonesia,42
325,evanlint90,Male,34,Argentina,75
326,mfer91,Female,23,Portugal,21
327,rcaudray92,Male,29,Vietnam,74
328,thaacker93,Male,23,Armenia,0
329,sbussons94,,22,Argentina,99
330,esomersett95,Male,27,,20
331,cbrazur96,,23,,65
332,dmckim97,Female,39,Botswana,11
333,cmckeefry98,Female,33,Guatemala,27
334,aslidders99,Female,24,Madagascar,34
335,nbound9a,Female,20,Indonesia,33
336,cpauer9b,Male,27,Indonesia,37
337,kwakes9c,Female,27,,78
338,rklawi9d,Female,34,Mexico,68
339,nserraillier9e,Male,26,Indonesia,99
340,abygraves9f,Female,31,Portugal,95
341,tcrix9g,Female,25,Brazil,37
342,tlegen9h,Male,33,Syria,26
343,edaverin9i,Female,29,Kazakhstan,73
344,jscupham9j,Male,,Sweden,51
345,tbenezeit9k,Male,20,Netherlands,26
346,vcroix9l,Male,33,Ivory Coast,26
347,gughelli9m,Male,25,Greece,45
348,bemig9n,Male,21,China,62
349,cothen9o,Female,20,Ukraine,59
350,dhobson9p,Female,29,Indonesia,87
351,jrex9q,,34,China,90
352,sstidson9r,Male,26,Colombia,31
353,mwaby9s,Female,28,Taiwan,32
354,lludlom9t,Male,28,Bangladesh,62
355,mcarleton9u,Female,20,China,83
356,amcaloren9v,Female,30,Brazil,57
357,wkynaston9w,Female,18,Russia,66
358,mduplantier9x,Female,20,Thailand,91
359,rcatterick9y,Male,38,Nigeria,92
360,dmeadley9z,Female,34,Iran,13
361,badsheda0,Female,18,Brazil,96
362,svarleya1,Female,32,China,31
363,gjouannissona2,Male,31,China,87
364,mseabournea3,Female,18,Indonesia,87
365,mcadremana4,Male,20,,98
366,nprina5,Male,19,Russia,43
367,lmacknockera6,Male,37,China,30
368,beccleshalla7,Male,,Afghanistan,23
369,pgresera8,Male,33,Brazil,53
370,cpountneya9,Female,33,Tanzania,26
371,sshaweaa,Male,34,Japan,9
372,bkoppensab,Male,40,Kenya,50
373,kboyceac,Male,28,Philippines,56
374,skingzettad,Female,19,Philippines,44
375,carmandae,Male,21,Russia,88
376,bmahadyaf,Male,34,,4
377,mclewerag,Male,38,China,76
378,cdevoah,Male,35,Serbia,73
379,ycolacoai,Male,25,China,74
380,hitzkoviciaj,,33,France,16
381,sniemiecak,Male,33,Japan,10
382,mwatchornal,Female,38,France,62
383,hcancelleram,Male,30,Portugal,26
384,dguymeran,Female,28,Russia,67
385,vdarintonao,Male,28,Egypt,97
386,skosap,Male,31,Philippines,33
387,dhanssmannaq,Male,19,Azerbaijan,66
388,ssharperar,Male,22,Philippines,29
389,fpedrolloas,Male,27,Philippines,40
390,snickolesat,Female,20,Philippines,74
391,epietsmaau,Female,30,Philippines,35
392,cpepiav,Female,21,Indonesia,53
393,syatemanaw,Male,23,China,89
394,ashirilax,Male,26,Philippines,15
395,rmaylarday,Female,33,United States,44
396,dclemanceauaz,Female,27,Liberia,68
397,gchelamb0,Male,29,Russia,6
398,mseeborneb1,Female,37,Czech Republic,64
399,dsimmanceb2,Male,22,Spain,84
400,hlorenteb3,Male,36,Sweden,2
401,eburnandb4,Female,40,Honduras,8
402,cpalserb5,Female,36,Bangladesh,76
403,dlumsdaineb6,Male,39,Mexico,53
404,sfairesb7,Female,36,Sweden,18
405,kkerinb8,Male,31,Greece,99
406,ajovanovicb9,Female,38,Comoros,75
407,mwormstoneba,Female,32,Sri Lanka,57
408,gcradockbb,Male,24,Indonesia,56
409,rswadlenbc,Male,29,Philippines,66
410,sphettisbd,Male,19,Nigeria,81
411,opahlerbe,Male,18,Poland,22
412,rkilpatrickbf,Male,19,South Africa,79
413,vkochelbg,Male,30,Syria,83
414,hyarnellbh,Male,29,Thailand,60
415,bmillershipbi,Male,29,France,40
416,tcristofaninibj,Female,,Indonesia,41
417,edominybk,Male,34,Afghanistan,20
418,cjuraszbl,Male,33,United States,84
419,isoldnerbm,Male,35,Greece,5
420,jbazelybn,Female,39,Portugal,99
421,cfayerbrotherbo,Male,25,Vietnam,26
422,rmorganbp,,32,Maldives,48
423,bjannaschbq,Male,30,Honduras,44
424,hgoodanewbr,Male,25,Canada,31
425,pconabs,Male,20,China,85
426,mfifebt,Female,36,Philippines,81
427,rtrevaskusbu,Female,28,Slovenia,20
428,ckindleybv,Male,34,,17
429,farpinobw,Male,28,France,71
430,jpendrighbx,Female,37,Nepal,70
431,cduryby,Male,18,Czech Republic,4
432,cslaterbz,Male,39,Indonesia,23
433,mcowderoyc0,Male,32,Serbia,76
434,hteaguec1,Male,31,,13
435,wskewesc2,Male,20,Iran,51
436,psamworthc3,Female,34,,5
437,cdelascic4,Female,28,China,23
438,bmcfaulc5,Male,18,Poland,49
439,emcpartlinc6,Male,,Philippines,37
440,eminichilloc7,Female,27,Philippines,59
441,emarcoolync8,Female,38,China,55
442,gfrancklync9,Male,36,Azerbaijan,73
443,rsheahanca,Male,21,China,77
444,cwarrendercb,Female,20,Portugal,94
445,mgimbrettcc,Male,24,Philippines,65
446,karthancd,Female,37,France,66
447,gtrembletce,Female,31,Poland,74
448,vtitlowcf,Male,27,Indonesia,67
449,pscandritecg,Female,33,Brazil,11
450,nsikorach,Male,20,China,15
451,rswynleyci,Female,34,Norway,2
452,ihukinscj,Female,21,Philippines,4
453,varmitageck,Female,18,Greece,82
454,widdenscl,Female,36,Bangladesh,94
455,asloleycm,Male,24,Indonesia,14
456,coggerscn,Female,34,Czech Republic,30
457,gbibeyco,,18,Morocco,4
458,alovellcp,Female,32,Thailand,6
459,pvasilchikovcq,Male,38,China,94
460,cmidlanecr,Female,37,South Sudan,99
461,mcazincs,Male,23,,53
462,bhathornct,Female,34,Peru,26
463,kmclemoncu,Female,38,Russia,88
464,spaolonicv,Female,32,,14
465,mleggottcw,Male,27,,75
466,lescreetcx,Male,24,Portugal,85
467,twarlowcy,Female,30,Philippines,36
468,dhusbandcz,Male,20,Indonesia,89
469,bdrohund0,Male,36,China,31
470,cdixd1,,31,China,15
471,bseamarkd2,Female,31,Poland,2
472,jletchfordd3,Male,21,Paraguay,93
473,gwatermand4,Male,40,Argentina,40
474,kpeytond5,Male,24,France,45
475,edaoutd6,Male,33,Philippines,97
476,pbenniond7,Male,31,Indonesia,44
477,rmavind8,Female,38,Poland,62
478,cnurdind9,Male,27,South Africa,98
479,zcornilda,Male,18,Iceland,98
480,branyellddb,Male,,Colombia,6
481,lgherardidc,Male,19,Philippines,48
482,bstrobandd,Female,20,Sweden,5
483,rsnowlingde,Male,26,Argentina,67
484,ltemblettdf,Male,35,United States,64
485,ckenwelldg,Male,27,,58
486,rhauchdh,Female,18,Indonesia,32
487,tkynastonedi,Male,19,China,20
488,bcysondj,Female,19,China,93
489,mvannuccinidk,Female,36,Portugal,3
490,fludovicidl,Female,27,Portugal,69
491,nbaseggiodm,Male,34,Indonesia,99
492,tbaterdn,Female,22,Portugal,48
493,rlempertzdo,Female,26,Netherlands,68
494,cgarretsondp,Female,31,China,28
495,fascroftedq,Male,,,83
496,owarhurstdr,Female,19,France,80
497,echatinds,Male,21,China,36
498,ehaglanddt,Female,26,Brazil,92
499,dtitteringtondu,Female,24,Lithuania,89
500,mfabbdv,Female,23,Central African Republic,15
501,lsyreddw,Female,31,Greece,76
502,pduffydx,Female,32,Nigeria,78
503,dradeliffedy,Female,23,Indonesia,18
504,chutcheondz,Male,36,Sweden,34
505,lroistonee0,Female,35,Indonesia,12
506,spattemoree1,Male,39,Venezuela,83
507,gdaveridgee2,Male,38,China,52
508,mfante3,Male,27,China,32
509,dawtye4,Male,37,Philippines,5
510,mtolussie5,Male,31,Indonesia,56
511,qgrabehame6,Female,28,Japan,96
512,kluciene7,Female,36,Guatemala,50
513,jrivelese8,Male,37,Russia,40
514,gchoulertone9,Female,18,Sudan,81
515,mdockrayea,Female,37,France,4
516,dkesteneb,Male,24,Indonesia,42
517,sjollissec,Female,26,,76
518,sondraked,Female,,Oman,57
519,uastieee,Male,37,Peru,80
520,tpadberryef,Male,25,Russia,3
521,gtalmadgeeg,Male,28,Poland,87
522,cgreeniereh,Male,19,France,2
523,rbathoei,Male,25,Philippines,2
524,lsudranej,Male,36,China,96
525,foxtabyek,Female,36,Indonesia,7
526,mprestedgeel,Female,,Sweden,45
527,skeoghem,Female,32,Nigeria,52
528,hcreykeen,Female,23,Indonesia,35
529,egoodalleo,Male,40,Norway,44
530,lkeighleyep,Male,24,,5
531,ecowherdeq,Female,23,China,69
532,nwhetnaller,Female,35,Mexico,43
533,dbateupes,Female,26,China,37
534,cdinnieset,Female,38,China,14
535,kfrankeeu,Male,19,Colombia,96
536,gsodorev,Male,18,Indonesia,53
537,soflynnew,Male,27,Thailand,52
538,tfeldbrinex,Female,34,,65
539,tblameyey,Female,31,Myanmar,12
540,abrigstockez,Female,30,Myanmar,58
541,hfranciolif0,,28,Pakistan,36
542,mdaenenf1,Male,18,Portugal,75
543,dcanteraf2,Male,19,China,25
544,ljewisef3,Male,38,Finland,94
545,pduchatelf4,Male,40,Mauritius,57
546,igrubeyf5,Female,25,,62
547,aprickettf6,Female,20,China,53
548,dlaverf7,Male,18,Russia,14
549,nwardalef8,Male,,France,19
550,bfeildf9,Female,26,Peru,9
551,cpepperdfa,Female,23,Indonesia,59
552,rnadinfb,Female,26,,94
553,hreichardtfc,Female,31,Armenia,41
554,mrylattfd,Female,39,Russia,28
555,fespinetfe,Female,18,Tanzania,17
556,edewarff,Female,30,Russia,24
557,tcoviellofg,Male,34,Ukraine,92
558,fberkleyfh,Female,19,Japan,20
559,kclitherowfi,Male,,Thailand,12
560,cvasiljevicfj,Female,28,China,26
561,avillefk,Male,,Colombia,43
562,wpyrahfl,Male,37,Russia,99
563,rreadfm,Male,20,Indonesia,50
564,azanottifn,,30,France,66
565,lfritterfo,Male,33,,78
566,tgockefp,Male,37,China,98
567,akernanfq,Female,18,Bulgaria,41
568,mklauberfr,Male,39,Ukraine,12
569,shalmkinfs,Female,39,Honduras,82
570,btaffsft,Female,25,Czech Republic,46
571,msudlowfu,Male,24,Poland,95
572,rticehurstfv,Female,32,China,87
573,pbenardeaufw,Male,40,,79
574,jscapelhornfx,Male,30,Vietnam,98
575,bendlefy,Male,19,China,52
576,gcherrymanfz,Male,29,Portugal,71
577,lrispeng0,Male,26,Poland,67
578,epedrolig1,Female,27,Morocco,33
579,rmixterg2,Male,25,Brazil,50
580,dclementuccig3,Female,,Israel,96
581,csilmong4,Female,30,Portugal,21
582,pwageng5,Male,24,China,72
583,crosenboimg6,Female,27,China,33
584,dweerdenburgg7,Female,29,Slovenia,80
585,mmcneilleyg8,Female,24,China,64
586,kavissg9,Female,38,Peru,92
587,kespadatega,Female,31,United States,71
588,htruesdalegb,Female,33,Iran,81
589,cfellenorgc,Male,19,China,26
590,sgabbitusgd,Female,20,United States,2
591,erodiege,Male,27,Argentina,67
592,pjardinegf,Female,28,Sudan,44
593,aabbisongg,Male,34,,71
594,rtomaszynskigh,Female,25,China,61
595,hbendellgi,Male,23,China,14
596,fhentzegj,Female,26,Macedonia,51
597,abecconsallgk,,,Canada,72
598,jcridlingl,Female,23,China,35
599,cblamphingm,Female,,Russia,84
600,cwogangn,Male,26,China,60
601,dmcgaugheygo,Female,37,China,22
602,ninnisgp,Female,26,China,13
603,sjoinergq,Male,32,Brazil,95
604,ndevaargr,Male,20,China,9
605,ksaynorgs,Male,23,Armenia,28
606,mkilbanegt,Female,22,China,49
607,tsummersongu,Female,,Philippines,11
608,cupexgv,Male,33,Indonesia,3
609,csearygw,Male,31,Indonesia,20
610,dspellsworthgx,Female,,China,18
611,rvearegy,Female,36,Indonesia,32
612,hsoanegz,Male,36,Indonesia,3
613,himlochh0,Female,19,Sweden,95
614,cmullalyh1,Female,23,Morocco,94
615,lpoadh2,Male,28,United States,54
616,jfarguharh3,Female,23,Panama,24
617,edeblasiish4,Male,29,Czech Republic,85
618,rloadeh5,Male,27,Indonesia,10
619,cberrisfordh6,Male,,China,93
620,lkilfedderh7,Male,18,Zimbabwe,20
621,sbelchemh8,Female,19,South Korea,41
622,cfatherh9,Female,32,,44
623,tcluseha,Male,21,South Africa,56
624,bortelthb,Female,23,Ukraine,72
625,ogoacherhc,Male,30,,18
626,fcharopenhd,Female,34,Indonesia,7
627,jdanielyhe,Female,,Indonesia,11
628,mklichhf,Female,34,South Africa,88
629,despyhg,Female,28,Colombia,74
630,bmochanhh,Female,39,China,83
631,tatleyhi,Male,31,Peru,49
632,gkensonhj,Female,24,Greece,1
633,chiscockshk,Male,21,Thailand,57
634,acullumhl,Male,30,Indonesia,81
635,rhospitalhm,Male,25,China,46
636,ccuniffehn,Female,39,China,91
637,mjoberneho,Female,30,,59
638,browstonhp,Male,22,Iran,80
639,mpittsonhq,Female,37,Canada,83
640,sburfieldhr,Female,33,Sweden,93
641,frickesieshs,Female,38,Papua New Guinea,46
642,mswiggerht,Male,26,China,31
643,ktimebyhu,Male,27,Malaysia,33
644,bgiovannillihv,Female,20,Brazil,55
645,crealyhw,Female,18,China,67
646,cshepherdsonhx,Male,32,Cuba,37
647,zsimmonshy,Male,38,Brazil,54
648,tpendrickhz,Female,31,France,17
649,spittsi0,Female,27,Sweden,21
650,mkenafaquei1,Female,30,Japan,100
651,asicilyi2,Male,22,Portugal,34
652,ksquibbsi3,Female,36,Mexico,71
653,gmarmioni4,Female,27,Indonesia,12
654,tbalyi5,Male,25,Russia,20
655,areveni6,Female,20,Philippines,92
656,aromani7,Male,32,Syria,100
657,cclarkewilliamsi8,Female,37,Chile,16
658,mtommeii9,Male,,Mexico,3
659,hswalwellia,Female,28,Syria,59
660,sapfelib,Male,33,Bosnia and Herzegovina,73
661,mcoombeic,Female,21,Pakistan,16
662,dclaydonid,Male,29,China,15
663,abenkheie,Male,23,Indonesia,0
664,dsanzif,Female,21,China,26
665,htwidleig,Female,23,China,81
666,avenardih,Male,37,Portugal,49
667,djadoii,Male,18,Bolivia,68
668,melgoodij,Female,,Syria,19
669,sbradborneik,Male,38,China,92
670,orobjantil,Male,32,China,26
671,reltim,Female,28,Chile,50
672,ntomaschkein,Male,39,China,33
673,stukesbyio,Male,37,United States,1
674,awickesip,Female,36,China,15
675,elutoniq,Male,33,Indonesia,96
676,lparnallir,Male,20,,79
677,jmaccaigis,Female,19,Netherlands,30
678,blabernit,Female,20,Tanzania,10
679,vgertrayiu,Female,18,Ethiopia,48
680,eaitchinsoniv,Male,35,Mongolia,87
681,hakkeriw,Female,22,China,39
682,jrozyckiix,Male,35,China,18
683,cburvilliy,Male,32,China,24
684,mfifootiz,Male,40,Philippines,35
685,cvassej0,Female,24,China,40
686,mgrzeszczakj1,Female,34,China,70
687,tblasiusj2,Female,,Kyrgyzstan,5
688,wgovesj3,Male,28,Poland,86
689,tardronj4,Female,,Ethiopia,25
690,hhesselj5,Male,31,China,55
691,bheustacej6,Male,32,Brazil,28
692,cbythellj7,Male,28,Nigeria,16
693,jcustancej8,Female,24,Brazil,73
694,srichfieldj9,Male,23,China,87
695,lreddieja,Female,40,China,16
696,mmundowjb,Male,31,Central African Republic,49
697,gcorraojc,Male,30,Portugal,59
698,kbickfordjd,Male,27,Poland,2
699,clacasaje,Male,,Brazil,64
700,gromerojf,Male,18,Japan,15
701,sdaglessjg,Male,38,Indonesia,59
702,morsijh,Female,31,United States,21
703,cneedhamji,Male,19,China,51
704,kwernherjj,Female,30,,27
705,vdarreejk,Female,25,,5
706,lpurvissjl,Female,22,Croatia,51
707,tfarloejm,Male,40,China,80
708,slynnittjn,Male,29,China,23
709,jmanchesterjo,Female,35,Thailand,99
710,vruckledgejp,Female,39,Poland,64
711,gbingjq,Male,25,Netherlands,79
712,ppallejr,Female,26,Dominican Republic,47
713,kaersjs,Female,22,,60
714,abenedictejt,Female,40,China,60
715,jaldrinju,Male,35,Ukraine,23
716,sbernettejv,Male,34,,9
717,cbrockelsbyjw,Female,18,Indonesia,81
718,okybirdjx,Male,28,Armenia,8
719,kcolbertsonjy,Male,32,China,59
720,macklandsjz,Female,37,China,1
721,njouhandeauk0,Female,35,Poland,54
722,pprimettk1,Male,28,,65
723,jistonk2,Male,22,Russia,77
724,lhalgarthk3,Female,30,United States,76
725,stotarok4,Male,37,Canada,52
726,nleupoldk5,Male,38,Russia,51
727,ddraudek6,Male,21,Portugal,6
728,krubinovicik7,Male,25,Indonesia,15
729,mneilank8,Male,34,Croatia,6
730,celtonk9,Female,24,,68
731,bcattoka,Male,37,Poland,44
732,bbraniffkb,,37,China,82
733,ahathawaykc,Male,,Indonesia,41
734,blattimorekd,Female,37,,55
735,rmacmeanmake,Male,38,Indonesia,90
736,bdanilovichkf,Female,26,Guatemala,49
737,bourrykg,Male,37,Bosnia and Herzegovina,12
738,bfennykh,Male,31,China,45
739,llandsmanki,Male,,South Africa,86
740,akibelkj,Male,27,China,28
741,lstorahkk,Female,,Brazil,74
742,sreascekl,Male,36,United States,47
743,kstrotherkm,Female,38,Cuba,10
744,brumminkn,Male,20,Iran,48
745,heastopko,Male,24,Indonesia,98
746,kmulderkp,Female,26,Greece,88
747,hemtagekq,Female,19,Iran,2
748,eragbournekr,Female,25,Indonesia,66
749,ccowperthwaiteks,Female,,Croatia,83
750,aguardkt,Male,,Indonesia,50
751,mbryanku,Female,20,Indonesia,97
752,kglowaczkv,,30,,54
753,rmalarkeykw,Male,27,Philippines,87
754,amowleskx,Female,19,Portugal,94
755,sisaakky,Female,28,China,62
756,akerrodkz,Male,38,Hungary,23
757,mmaciaszekl0,Male,19,United States,8
758,smardlel1,Male,21,Poland,89
759,lthornewilll2,Female,34,Philippines,14
760,ckewishl3,Male,31,,59
761,dbosmal4,Female,21,Belarus,8
762,mquadlingl5,Male,24,Mexico,52
763,gmartellinil6,Female,22,Yemen,36
764,fsertinl7,Female,,,57
765,mpirkisl8,Male,28,Belarus,66
766,despositol9,Male,28,China,29
767,gparkesla,Female,19,Slovenia,94
768,riannilb,Male,31,Russia,55
769,tlishmanlc,Female,25,Greece,76
770,jprobateld,Female,28,China,97
771,uhalahanle,Female,19,Norway,84
772,dleybornelf,Female,40,Tanzania,37
773,gforshawlg,Female,30,Georgia,97
774,jbroughamlh,Female,20,Australia,44
775,rbirchenheadli,Female,37,Japan,2
776,choftonlj,Female,34,China,42
777,bloberlk,Male,18,Indonesia,3
778,dhanniganell,Male,36,Argentina,38
779,wscrivenorlm,Male,40,Bolivia,92
780,bdrayeln,Male,30,,21
781,gtackeslo,Male,38,China,76
782,rearlandlp,Male,,Czech Republic,17
783,hnapthinelq,Female,28,Cameroon,59
784,kwhitehornelr,Male,18,Canada,21
785,qtestls,Female,,Japan,50
786,jcocklinlt,Male,39,Pakistan,32
787,cmoortonlu,Female,37,Philippines,75
788,bfaulllv,Female,19,Barbados,71
789,jskoneslw,Male,40,China,72
790,lallcroftlx,Female,37,China,21
791,ititmusly,Male,,Poland,70
792,caimlz,Male,36,China,85
793,lhansterm0,Male,22,Japan,7
794,cshalem1,Female,24,Ecuador,16
795,efownesm2,Male,38,,24
796,amobiusm3,Male,39,Canada,0
797,ibysouthm4,Male,31,Portugal,67
798,npynerm5,Male,31,France,97
799,jmuinom6,Female,31,Portugal,97
800,hspilstedm7,Female,37,South Korea,36
801,cbrackenburym8,Male,22,South Africa,93
802,dkamiyamam9,Female,25,Kiribati,49
803,mcaveillma,Female,33,China,64
804,ischottmb,Male,19,Chile,84
805,ngeroldimc,Female,20,Vietnam,58
806,jlawdaymd,Male,30,Poland,84
807,cjephcoteme,Male,31,Japan,17
808,rheindrichmf,Female,33,China,38
809,bgyorgymg,Female,22,Portugal,89
810,smartellinimh,Male,40,,60
811,mteesdalemi,Male,24,Sweden,53
812,tbarbeymj,Male,30,Peru,11
813,dfoadmk,Female,23,China,32
814,bshillomml,Female,33,Morocco,13
815,mdillestonemm,Male,35,Republic of the Congo,68
816,sbaddermn,Female,37,Nigeria,40
817,jrustidgemo,Female,31,Venezuela,49
818,brosenfarbmp,Female,,Kazakhstan,19
819,vmuddmq,Male,26,China,85
820,ascorthornemr,Female,20,Peru,8
821,treamesms,Male,18,Indonesia,65
822,oughimt,Female,21,Malta,9
823,dloidlmu,Female,24,Palestinian Territory,66
824,ghaylemv,Male,38,Canada,65
825,zfustermw,Male,40,Nicaragua,46
826,ndavidoviczmx,Female,34,Sweden,75
827,umorettomy,Male,26,Peru,29
828,ihennemannmz,Female,21,Russia,82
829,dlatehousen0,Female,33,Indonesia,19
830,cnorthleyn1,Female,39,Iran,64
831,sgemsonn2,Male,39,China,47
832,swoodwindn3,Male,38,Ukraine,16
833,smackerleyn4,Male,19,Portugal,84
834,alevyn5,Female,,Greece,30
835,jbangiardn6,Male,35,Argentina,50
836,dmaylourn7,Female,20,Bulgaria,66
837,jstoodleyn8,Male,24,Japan,22
838,ekarlssonn9,Male,22,Colombia,34
839,dstraffordna,Male,19,China,92
840,fthaynb,Female,34,Russia,32
841,rrenshawnc,Male,19,Philippines,9
842,ikaemenand,Male,29,Nigeria,30
843,esimonninne,Female,37,Jamaica,4
844,kshawnf,Female,34,Indonesia,35
845,dquilliamng,Female,40,,62
846,gtownrownh,Male,39,Brazil,79
847,dhawkeyni,Male,19,China,37
848,nduesberrynj,Male,34,Paraguay,87
849,rcoughtreynk,Male,,Philippines,35
850,wottawellnl,Female,35,China,96
851,kcracienm,Female,31,China,14
852,blinesnn,Female,34,China,88
853,esaleryno,Female,36,Israel,37
854,tblundonnp,Male,33,Honduras,9
855,winksternq,Male,34,China,38
856,jgoldneynr,Female,18,,66
857,gjakubovitchns,Female,28,South Africa,8
858,athebent,Female,30,Indonesia,25
859,cgrabennu,Male,19,Ukraine,58
860,rambrogininv,Male,30,Vietnam,7
861,kmalianw,Male,33,Pakistan,35
862,sbuttsnx,Female,,Cameroon,15
863,nsimperny,Male,28,Indonesia,16
864,hlindstromnz,Female,37,Pakistan,20
865,kstoppso0,Female,22,Portugal,20
866,gexleyo1,Male,40,Czech Republic,62
867,imabeno2,Male,39,Brazil,69
868,gbrannoo3,Female,,Indonesia,32
869,mmurreyo4,,36,Mexico,94
870,wduftyo5,Female,18,Comoros,28
871,cbogarto6,Male,22,China,82
872,tcasoneo7,Female,18,Indonesia,20
873,pwofendeno8,Male,24,Peru,44
874,csmoughtono9,Female,27,Indonesia,45
875,ncheeroa,Male,26,China,47
876,ucalvardob,Male,22,Portugal,19
877,gallwoodoc,,21,China,16
878,agamesonod,Male,29,,67
879,wkettemanoe,Female,29,Brazil,69
880,ggyerof,Male,38,Nepal,19
881,nosbaldestonog,Male,23,Iraq,65
882,mporkissoh,Male,22,Mozambique,18
883,dhellyaroi,Female,22,Armenia,39
884,jszymaniakoj,Female,26,United States,58
885,cmcartok,Female,36,Russia,0
886,jwraighteol,Female,30,Portugal,55
887,ewardesworthom,Female,31,Sweden,99
888,cmcmillanon,Male,31,Costa Rica,96
889,spaoluccioo,Female,34,Indonesia,10
890,lmellhuishop,Male,28,Cuba,14
891,pcleveroq,Male,31,China,25
892,tjaulmeor,Male,23,France,5
893,jcrossleyos,Female,39,Japan,48
894,cbecerraot,Female,18,Serbia,59
895,dmotionou,Male,35,Portugal,5
896,eseelov,Male,31,Portugal,93
897,abrisleyow,Male,33,Italy,86
898,lsiddellox,Female,35,Indonesia,64
899,mscriptureoy,Female,23,,11
900,aseggesoz,Male,28,Morocco,38
901,dbaudetp0,Male,26,Mauritania,95
902,mtruluckp1,Male,24,Poland,13
903,usorp2,Female,,Mexico,98
904,jrodrigp3,Male,29,,85
905,awilkisonp4,Male,37,China,2
906,jloosp5,Male,31,,24
907,elegallep6,Female,24,Pakistan,55
908,ahambatchp7,Female,34,,17
909,ghovyp8,Female,29,Cuba,32
910,cboweryp9,Female,27,Indonesia,96
911,lalbinsonpa,Male,27,Poland,81
912,gdownhampb,Male,27,Argentina,7
913,mcockrampc,Male,32,Indonesia,20
914,csalvagepd,Female,30,Belarus,27
915,bhaworthpe,Female,31,Czech Republic,78
916,kflisherpf,Female,37,Indonesia,94
917,tmadgwickpg,Male,34,Indonesia,61
918,jkrojnph,Female,37,Indonesia,70
919,oshermorepi,Male,36,Nigeria,45
920,thammertonpj,Female,25,,3
921,lgrenterpk,Male,21,China,85
922,nbuggypl,Male,37,Poland,21
923,amcilrathpm,Male,30,Japan,18
924,gaishfordpn,Female,29,Indonesia,93
925,scawsbypo,Female,40,Vietnam,70
926,bspaulepp,Male,24,,75
927,jbossompq,Male,27,Russia,83
928,rmeekepr,Male,32,China,9
929,gmarchentps,Male,25,China,93
930,tyurenevpt,Male,35,New Zealand,23
931,nlinforthpu,,32,China,17
932,astychepv,Male,22,Venezuela,74
933,dgarfirthpw,Female,38,Philippines,82
934,awindouspx,Female,19,China,83
935,ghannentpy,Female,31,,33
936,adongatepz,Female,38,Brazil,84
937,dmillisq0,,30,Morocco,40
938,rtruckettq1,Male,26,Portugal,80
939,ngiroldiq2,Female,40,Philippines,52
940,kdootsonq3,Female,,,21
941,sbardsleyq4,Male,24,,20
942,dvellaq5,Female,28,Finland,38
943,ahallumq6,Male,,Portugal,30
944,tburghq7,Female,19,Fiji,77
945,dpresnallq8,Male,22,China,66
946,gaaronsonq9,Male,34,Canada,3
947,lmclaughlinqa,Female,28,Denmark,83
948,mworttqb,Male,39,Russia,77
949,mlyverqc,Male,33,China,56
950,ccostiganqd,Female,21,Mexico,27
951,fradsdaleqe,Male,39,China,3
952,astarrsqf,Male,18,Indonesia,39
953,mdibenqg,,19,Gambia,38
954,mebbettsqh,Male,27,United States,3
955,rgavaganqi,Male,36,Norway,81
956,kpardyqj,Male,32,China,73
957,aleatheqk,Male,31,China,96
958,dkrzysztofiakql,Male,30,Uruguay,52
959,vandreasqm,Male,32,Indonesia,96
960,vkaesmansqn,Male,21,China,11
961,ephythienqo,Female,19,Ukraine,72
962,rdencsqp,Female,33,Bhutan,76
963,smainsqq,Female,40,Venezuela,82
964,vtaltonqr,Male,25,Indonesia,1
965,rhartnellqs,Male,27,Yemen,100
966,tkeetingqt,Male,21,,54
967,lewbanksqu,Male,39,Germany,84
968,gfincherqv,Female,28,Indonesia,82
969,bplumridgeqw,Male,28,Tajikistan,94
970,bbraysonqx,Male,33,China,47
971,fcritophqy,Male,20,China,84
972,cjanneyqz,Male,29,United Kingdom,71
973,rbrimsonr0,Male,28,France,82
974,nvanthoogr1,Male,,China,32
975,lsebrightr2,Female,18,Norway,66
976,jdebruijnr3,Male,32,Germany,44
977,cacer4,Female,20,Malawi,33
978,rpeintonr5,Male,23,Georgia,41
979,wscudderr6,,37,Vietnam,17
980,cwashbrookr7,Female,34,Hungary,55
981,fchaterr8,Male,19,Luxembourg,98
982,grouthr9,Female,28,China,75
983,rlothlorienra,Male,18,Ukraine,64
984,dpirrirb,Female,26,Armenia,92
985,gfouldsrc,Male,26,China,41
986,tbrummellrd,Male,39,Paraguay,24
987,lseakingsre,Female,31,Indonesia,83
988,lhelleckasrf,Female,33,Indonesia,7
989,tleprovestrg,Female,33,China,9
990,mslottrh,Male,33,Philippines,99
991,mnutbeanri,Female,28,China,0
992,wsennettrj,Male,33,Benin,26
993,jepplerk,Female,26,United States,97
994,fyockneyrl,Female,24,Colombia,66
995,pkinglakerm,Male,22,Colombia,13
996,awandrichrn,Male,32,Israel,91
997,bgavrielliro,Female,36,Peru,89
998,rjeanequinrp,Male,39,Mozambique,84
999,rstorrorrq,Female,33,Japan,4
1000,mshrieverr,Male,32,South Korea,74